wall_s,iter,best_obj,shakes
0.12,0,11821.1748,0
0.12,1,13746.3922,0
0.12,2,13874.3080,0
0.12,4,14263.2927,0
0.12,6,15380.1774,0
0.12,7,15779.9336,0
0.13,11,16427.9973,0
0.13,14,17321.9521,0
0.13,15,17756.4310,0
0.13,16,18030.2365,0
0.14,17,18432.6184,0
0.14,18,18583.3288,0
0.14,19,19679.3979,0
0.14,23,19726.1498,0
0.15,37,20316.2210,0
0.16,46,21202.7005,0
0.16,47,21257.8874,0
0.17,73,21407.7012,0
0.18,75,23583.8650,0
0.18,77,23711.7808,0
0.19,82,23908.7052,0
0.20,86,24049.9047,0
0.20,87,24065.7649,0
0.49,609,24175.8623,5
