Instance,design,init,init_seed,D,L_r,S,extra,commit,init_obj,init_size,Objective,Tour,flown_km,energy_pct,time_s,t_best (s),Wall (s),stop,iterations,shakes,iter_of_best,accepted,socp_calls,socp_ms,reorder_trimmed,socp_numeric_infeasible,Route,sets_s,sets_pct
R101 (50),new,R4,,3,20,100,reorder=tiers knap=0,18092d4,5863.95,3,11921.13,10,412.28,99.03,8487.8,0.9,2.6,max_idle_shakes,9709,228,5122,749,1128,1.01,0,0,0-28-27-31-11-19-3-50-26-4-13,0.06,2.2
R101 (100),new,R4,,3,20,100,reorder=tiers knap=0,18092d4,8830.39,5,22884.44,16,435.75,100.0,10248.0,0.2,3.2,max_idle_shakes,10675,100,208,493,1053,1.71,0,0,0-92-59-5-95-98-44-61-16-85-87-94-26-68-13-100-93,0.07,2.2
R1_2_1 (200),new,R4,,3,20,100,reorder=tiers knap=0,18092d4,5024.46,7,16950.19,32,423.05,100.0,9090.5,15.4,21.0,max_idle_shakes,32140,258,22929,1918,5063,3.45,0,0,0-132-149-87-81-67-41-150-36-3-5-68-14-176-21-165-69-124-31-185-181-169-103-29-96-47-82-74-97-45-52-59-24,0.64,3.1
C101 (50),new,R4,,3,20,100,reorder=tiers knap=0,18092d4,3119.99,11,8591.92,42,435.37,100.0,9493.0,14.0,28.1,max_idle_shakes,21997,170,9611,2209,5689,4.31,4106,0,0-43-32-20-3-13-17-24-42-33-25-7-41-31-40-35-27-8-19-10-15-37-46-38-30-16-9-28-39-14-12-6-26-36-34-23-50-22-2-21-1-49-47,0.77,2.7
C101 (100),new,R4,,3,20,100,reorder=tiers knap=0,18092d4,4330.59,13,11342.99,48,446.9,100.0,9367.2,43.7,73.4,max_idle_shakes,63048,239,36137,3799,11879,5.49,20159,0,0-67-57-43-20-13-17-24-42-33-25-41-63-86-62-40-27-8-19-10-74-82-70-84-93-16-28-9-85-97-88-26-6-100-99-4-23-34-50-22-2-91-1-21-69-52-75-49-47,2.26,3.1
C1_2_1 (200),new,R4,,3,20,100,reorder=tiers knap=0,18092d4,4583.74,15,11127.65,48,443.84,100.0,9541.0,30.1,63.3,max_idle_shakes,50053,197,22250,2794,9993,5.53,7871,0,0-113-73-164-20-41-178-131-120-134-23-19-26-50-182-156-152-31-154-146-196-40-112-153-68-97-76-2-122-70-77-100-139-110-64-130-105-87-52-15-28-179-162-109-74-59-111-63-56,2.05,3.2
RC1_2_1 (200),new,R4,,3,20,100,reorder=tiers knap=0,18092d4,4007.52,5,16365.79,41,427.56,100.0,8749.8,18.1,33.3,max_idle_shakes,28926,208,15621,2296,6358,4.56,1066,0,0-4-92-142-153-28-163-6-162-63-149-172-42-197-5-62-181-35-164-104-25-26-46-20-159-77-122-134-71-87-121-115-17-13-8-60-76-2-97-30-64-67,0.96,2.9
R102 (100),new,R4,,3,20,100,reorder=tiers knap=0,18092d4,12701.51,8,30532.75,27,463.84,100.0,10284.9,23.9,32.5,max_idle_shakes,36589,316,26751,2472,8527,3.33,29505,0,0-92-37-85-5-83-82-48-47-11-19-7-52-31-1-50-3-68-12-26-13-95-96-98-100-93-59-94,1.0,3.1
R104 (100),new,R4,,3,20,100,reorder=tiers knap=0,18092d4,15524.43,10,37729.3,37,471.03,100.0,10285.3,34.2,48.8,max_idle_shakes,41233,316,30291,3699,9614,4.36,59680,0,0-27-52-18-82-48-47-19-62-88-31-1-50-33-81-79-3-68-80-12-26-40-21-73-72-74-22-2-13-95-97-93-85-100-98-59-96-94,2.54,5.2
C104 (100),new,R4,,3,20,100,reorder=tiers knap=0,18092d4,11285.9,54,19068.59,92,447.3,100.0,10011.9,626.4,804.6,max_idle_shakes,123309,466,96136,21025,55953,11.7,12233181,0,0-67-43-46-48-51-32-34-37-39-18-13-12-7-5-75-88-85-87-90-21-25-28-45-57-54-64-61-62-10-8-1-92-89-74-68-59-60-56-58-86-84-83-71-77-79-82-100-99-4-23-81-78-70-73-80-72-66-69-40-41-42-47-49-50-52-31-35-33-36-29-27-24-20-22-26-30-17-19-16-14-6-3-2-97-93-94-95-96-98-91-63-65,106.47,13.2
RC104 (100),new,R4,,3,20,100,reorder=tiers knap=0,18092d4,17538.11,9,34996.57,31,474.43,100.0,10332.7,24.0,32.9,max_idle_shakes,23454,309,17517,2521,6662,4.16,22735,0,0-68-70-2-6-7-60-78-12-11-15-16-17-47-14-10-9-87-97-59-74-86-57-24-22-19-49-20-66-56-91-80,1.71,5.2
PR11 (48),new,R4,,3,20,100,reorder=tiers knap=0,18092d4,2608.05,13,6539.21,33,401.08,99.89,7316.0,1.3,8.6,max_idle_shakes,6040,115,966,851,2149,2.95,5986,0,0-34-42-3-45-10-32-31-36-25-16-28-14-1-20-33-29-8-5-26-23-2-30-38-40-21-47-24-43-9-35-37-22-12,0.42,4.8
PR15 (240),new,R4,,3,20,100,reorder=tiers knap=0,18092d4,3623.26,19,18977.63,104,395.33,99.89,6925.9,459.2,550.8,max_idle_shakes,70916,634,60117,14451,32963,10.3,3042386,0,0-19-211-158-11-124-150-181-230-28-235-29-102-115-148-165-132-153-54-18-238-143-123-201-239-99-26-23-17-196-229-218-233-40-176-178-164-88-50-71-119-163-144-67-173-210-61-4-129-15-157-91-142-81-203-55-197-177-80-20-187-101-100-121-166-5-145-108-118-62-136-113-87-49-174-137-182-30-162-225-212-188-105-227-79-141-56-221-72-43-237-34-204-14-27-110-2-122-179-36-35-151-193-161-149,186.17,33.8
PR10 (288),new,R4,,3,20,100,reorder=tiers knap=0,18092d4,2333.43,8,16974.75,75,407.81,100.0,7486.8,275.7,323.3,max_idle_shakes,125394,753,113274,15439,35332,7.78,221397,5,0-108-166-261-143-263-246-206-64-24-30-187-234-130-191-196-91-211-178-170-139-87-275-20-34-248-16-222-7-56-242-155-27-243-158-72-2-258-151-42-43-141-28-232-205-249-126-35-94-288-146-52-83-40-244-122-179-100-276-86-51-161-23-26-36-262-29-134-49-221-76-128-38-110-6-152,29.29,9.1
