Instance,Objective,t_best (s),shakes,Wall (s)
R101 (50),11902.02,0.6,284,12
R101 (100),22884.32,0.8,102,21
R1_2_1 (200),16586.21,25.5,119,77
R102 (100),30443.78,61.6,92,135
RC104 (100),35809.19,45.9,143,156
C101 (50),8591.92,38.9,76,240
C101 (100),11153.74,188.3,88,281
C104 (100),18233.89,378.9,36,587
PR11 (48),6519.29,133.3,295,227
PR10 (288),15958.48,114.6,89,354
R104 (100),38060.94,169.3,193,240
PR15 (240),18221.45,578.9,116,982
C1_2_1 (200),11083.27,39.2,43,187
RC1_2_1 (200),17669.96,64.3,103,194
