Instance,mode,theta,cap_div,design,init_obj,init_size,Objective,Tour,t_best (s),proposals,shakes,accepted,socp_calls,budget (s),Wall (s),Route
R101 (50),variable,1000000000000,6,random+omega,4643.08,2,11921.13,10,7,3113,163,423,901,3600,8.2,0-28-27-31-11-19-3-50-26-4-13
R101 (100),variable,1000000000000,6,random+omega,8830.33,5,22884.32,16,2,1035197,27414,89144,304781,3600,3601.4,0-92-59-5-95-98-44-61-16-85-87-94-26-68-13-100-93
R1_2_1 (200),variable,1000000000000,6,random+omega,5758.63,6,16949.9,32,605,526690,11401,54269,148930,3600,3601.3,0-132-149-87-81-67-41-150-36-3-5-68-14-176-21-165-69-124-31-185-181-169-103-29-96-47-82-74-97-45-52-59-24
C101 (50),variable,1000000000000,6,random+omega,2432.97,7,8591.92,42,259,172429,3111,21559,96862,3600,3601.7,0-43-32-20-3-13-17-24-42-33-25-7-41-31-40-35-27-8-19-10-15-37-46-38-30-16-9-28-39-14-12-6-26-36-34-23-50-22-2-21-1-49-47
C101 (100),variable,1000000000000,6,random+omega,3776.53,10,11209.37,48,247,343003,3034,24845,91708,3600,3602.3,0-67-57-43-20-24-13-17-33-42-25-7-63-86-95-8-27-40-35-44-74-82-70-84-93-16-28-9-85-97-88-26-6-100-99-4-23-34-50-22-2-91-1-21-52-69-75-49-47
C1_2_1 (200),variable,1000000000000,6,random+omega,2583.3,6,10969.99,51,887,381938,2700,21291,89279,3600,3602.5,0-62-30-133-45-20-41-178-131-120-134-23-19-26-50-182-156-152-31-154-146-196-40-112-163-153-97-68-76-2-122-70-139-100-96-29-195-52-105-87-15-28-179-162-109-123-59-74-149-198-63-56
RC1_2_1 (200),variable,1000000000000,6,random+omega,4198.18,4,17743.96,38,2920,314431,4504,29992,106678,3600,3601.4,0-142-4-92-195-133-57-182-169-152-24-43-124-68-18-183-196-180-3-136-184-72-129-106-22-41-194-121-115-17-13-8-60-76-2-97-30-64-67
R102 (100),variable,1000000000000,6,random+omega,13854.06,8,30957.94,28,2961,782327,9336,54785,171842,3600,3601.4,0-92-37-85-5-83-82-48-47-88-31-1-50-81-3-12-26-21-72-74-2-13-95-98-100-93-59-96-94
R104 (100),variable,1000000000000,6,random+omega,15524.42,10,37802.1,36,413,683615,9262,68122,133181,3600,3601.4,0-28-50-33-81-3-68-80-12-26-40-21-73-72-75-22-2-87-97-37-14-86-16-61-85-98-93-59-96-95-13-94-6-89-52-31-27
C104 (100),variable,1000000000000,6,random+omega,9670.98,46,18052.45,94,2224,75541,448,9997,44374,3600,3601.8,0-67-41-42-46-32-37-39-34-30-28-13-75-88-85-89-87-90-21-25-18-14-12-10-7-5-1-8-65-62-68-57-54-53-60-59-40-44-45-48-50-47-43-74-56-58-84-91-3-9-98-86-77-79-71-78-83-95-100-96-99-2-4-6-23-29-36-33-35-31-51-52-49-69-63-66-64-61-72-80-73-70-81-82-94-93-97-16-19-17-26-27-24-22-20
RC104 (100),variable,1000000000000,6,random+omega,19444.49,11,36308.63,32,1456,712847,13568,84149,153733,3600,3602.0,0-90-98-88-60-78-12-10-11-15-16-17-47-14-9-97-59-87-86-57-24-22-19-49-20-64-56-91-80-94-96-81-68
PR11 (48),variable,1000000000000,6,random+omega,1858.09,12,6556.49,34,969,308392,10522,72490,183105,3600,3601.7,0-34-42-3-45-10-32-31-41-36-16-28-14-4-1-20-33-29-8-5-26-23-2-30-40-38-12-21-47-24-43-9-35-37-22
PR15 (240),variable,1000000000000,6,random+omega,2471.3,10,19266.23,115,155,84165,1375,24284,57919,3600,3601.4,0-19-51-211-158-91-11-124-150-230-9-12-145-3-111-156-107-205-112-185-192-24-73-181-83-28-135-197-177-80-235-29-81-102-231-115-59-148-165-132-56-153-54-18-143-238-144-119-163-63-17-23-196-26-99-237-43-72-201-123-204-34-179-218-122-27-215-2-147-232-134-14-128-208-49-87-113-136-62-108-118-5-166-202-64-198-106-162-30-225-212-79-141-227-105-188-100-101-35-151-217-187-20-55-203-142-157-84-33-21-168-48-154-161-193-36
PR10 (288),variable,1000000000000,6,random+omega,3113.48,11,16498.16,78,519,125798,2515,31442,68018,3600,3601.5,0-108-180-263-246-206-64-30-187-234-236-130-191-196-91-211-178-170-139-87-275-20-34-42-151-248-155-16-2-232-205-181-66-267-97-114-213-284-124-201-22-192-173-144-207-260-112-265-160-233-179-100-126-35-86-276-244-122-54-14-62-52-83-288-26-23-161-69-49-134-29-145-208-59-101-6-110-128-152
