wall_s,iter,best_obj
2.91,0,1858.0881
2.92,1,1957.0985
2.93,2,2333.1551
2.98,6,2376.9321
2.99,7,2441.7992
3.01,8,2564.9000
3.07,10,2688.7936
3.08,11,2804.4891
3.12,14,2820.3866
3.14,15,2825.4416
3.21,19,2978.8388
3.23,20,3229.5820
3.26,22,3329.2426
3.27,23,3524.0222
3.34,26,3659.5636
3.35,27,3697.0908
3.43,32,3839.4643
3.45,33,3931.6178
3.56,40,3932.3026
3.63,43,3935.6551
3.65,45,3941.0198
3.70,48,3977.9659
3.78,53,3989.9060
3.91,59,4096.8525
3.93,60,4099.3388
3.95,61,4222.3836
4.04,65,4229.4106
4.14,69,4238.8339
4.15,70,4280.6803
4.20,72,4296.8685
4.25,74,4301.4324
4.27,75,4368.1450
4.32,77,4393.3138
4.51,84,4454.9557
4.57,86,4543.6654
4.68,90,4760.6712
4.87,100,4761.9943
4.90,101,4795.3719
5.33,151,4920.5454
5.35,154,5018.3108
5.48,161,5043.7791
5.51,162,5084.6557
5.69,172,5086.5865
7.32,336,5102.3790
7.98,376,5211.2275
8.11,387,5212.1412
9.86,632,5321.0831
12.48,869,5373.5216
12.53,871,5564.1448
12.65,876,5584.8408
12.80,882,5599.1194
13.30,921,5606.7213
13.63,946,5610.4247
14.46,1052,5649.4317
16.12,1372,5688.3115
16.27,1377,5692.3259
19.31,1828,5739.9523
19.45,1834,5756.2722
19.56,1839,5896.8208
19.64,1842,5897.0449
19.75,1846,6014.2108
20.09,1865,6014.3130
20.11,1867,6030.6968
20.16,1870,6218.8816
20.59,1908,6324.4785
20.70,1915,6329.6530
21.26,2002,6363.7843
40.50,3495,6380.9660
47.06,4013,6396.7593
49.17,4190,6411.7022
50.88,4402,6415.3264
56.54,4839,6427.6036
56.56,4840,6502.1307
56.72,4848,6508.3077
64.98,5573,6517.9646
65.07,5576,6530.3256
65.21,5593,6532.6353
110.28,10234,6571.2677
